<?xml version="1.0" encoding="UTF-8" ?>
<!DOCTYPE ldml SYSTEM "../../common/dtd/ldml.dtd">
<ldml>
	<identity>
		<version number="$Revision: $"/>
		<generation date="$Date: $"/>
		<language type="nds"/>
	</identity>
	<metadata>
		<casingData>
			<casingItem type="key">titlecase</casingItem>
			<casingItem type="language">titlecase</casingItem>
			<casingItem type="script">titlecase</casingItem>
			<casingItem type="territory">titlecase</casingItem>
			<casingItem type="type">titlecase</casingItem>
			<casingItem type="variant">titlecase</casingItem>
			<casingItem type="zone-exemplarCity">titlecase</casingItem>
		</casingData>
	</metadata>
</ldml>
