<?xml version="1.0" encoding="UTF-8"?>
	<!DOCTYPE ldml SYSTEM "../../common/dtd/ldml.dtd">
<ldml>
	<identity>
		<version number="$Revision: 6465 $"/>
		<generation date="$Date: 2012-01-27 11:47:35 -0600 (Fri, 27 Jan 2012) $"/>
		<language type="en"/>
		<territory type="NZ"/>
	</identity>
	<dates>
		<calendars>
			<calendar type="gregorian">
				<dateFormats>
					<dateFormatLength type="full">
						<dateFormat>
							<pattern>EEEE, d MMMM y</pattern>
						</dateFormat>
					</dateFormatLength>
					<dateFormatLength type="long">
						<dateFormat>
							<pattern>d MMMM y</pattern>
						</dateFormat>
					</dateFormatLength>
					<dateFormatLength type="medium">
						<dateFormat>
							<pattern>d/MM/yyyy</pattern>
						</dateFormat>
					</dateFormatLength>
					<dateFormatLength type="short">
						<dateFormat>
							<pattern>d/MM/yy</pattern>
						</dateFormat>
					</dateFormatLength>
				</dateFormats>
				<timeFormats>
					<timeFormatLength type="full">
						<timeFormat>
							<pattern>h:mm:ss a zzzz</pattern>
						</timeFormat>
					</timeFormatLength>
					<timeFormatLength type="long">
						<timeFormat>
							<pattern>h:mm:ss a z</pattern>
						</timeFormat>
					</timeFormatLength>
					<timeFormatLength type="medium">
						<timeFormat>
							<pattern>h:mm:ss a</pattern>
						</timeFormat>
					</timeFormatLength>
					<timeFormatLength type="short">
						<timeFormat>
							<pattern>h:mm a</pattern>
						</timeFormat>
					</timeFormatLength>
				</timeFormats>
				<dateTimeFormats>
					<availableFormats>
						<dateFormatItem id="Md">d/M</dateFormatItem>
						<dateFormatItem id="MMMd">d MMM</dateFormatItem>
						<dateFormatItem id="MMMEd">E, d MMM</dateFormatItem>
						<dateFormatItem id="MMMMd" draft="contributed">d MMMM</dateFormatItem>
						<dateFormatItem id="yMd">d/MM/yy</dateFormatItem>
						<dateFormatItem id="yMEd">E, dd/MM/yyyy</dateFormatItem>
						<dateFormatItem id="yMMMd">d MMM y</dateFormatItem>
						<dateFormatItem id="yMMMEd">E, d MMM y</dateFormatItem>
						<dateFormatItem id="yyyyMM" draft="contributed">MM/yyyy</dateFormatItem>
						<dateFormatItem id="yyyyMMMM" draft="contributed">MMMM y</dateFormatItem>
					</availableFormats>
					<intervalFormats>
						<intervalFormatFallback draft="contributed">{0} - {1}</intervalFormatFallback>
						<intervalFormatItem id="d">
							<greatestDifference id="d" draft="contributed">d-d</greatestDifference>
						</intervalFormatItem>
						<intervalFormatItem id="h">
							<greatestDifference id="a" draft="contributed">h a - h a</greatestDifference>
							<greatestDifference id="h" draft="contributed">h-h a</greatestDifference>
						</intervalFormatItem>
						<intervalFormatItem id="hm">
							<greatestDifference id="a" draft="contributed">h:mm a - h:mm a</greatestDifference>
							<greatestDifference id="h" draft="contributed">h:mm-h:mm a</greatestDifference>
							<greatestDifference id="m" draft="contributed">h:mm-h:mm a</greatestDifference>
						</intervalFormatItem>
						<intervalFormatItem id="hmv">
							<greatestDifference id="a" draft="contributed">h:mm a - h:mm a v</greatestDifference>
							<greatestDifference id="h" draft="contributed">h:mm-h:mm a v</greatestDifference>
							<greatestDifference id="m" draft="contributed">h:mm-h:mm a v</greatestDifference>
						</intervalFormatItem>
						<intervalFormatItem id="hv">
							<greatestDifference id="a" draft="contributed">h a - h a v</greatestDifference>
							<greatestDifference id="h" draft="contributed">h-h a v</greatestDifference>
						</intervalFormatItem>
						<intervalFormatItem id="M">
							<greatestDifference id="M" draft="contributed">M-M</greatestDifference>
						</intervalFormatItem>
						<intervalFormatItem id="Md">
							<greatestDifference id="d" draft="contributed">d/MM - d/MM</greatestDifference>
							<greatestDifference id="M" draft="contributed">d/MM - d/MM</greatestDifference>
						</intervalFormatItem>
						<intervalFormatItem id="MEd">
							<greatestDifference id="d" draft="contributed">E, d/MM - E, d/MM</greatestDifference>
							<greatestDifference id="M" draft="contributed">E, d/MM - E, d/MM</greatestDifference>
						</intervalFormatItem>
						<intervalFormatItem id="MMM">
							<greatestDifference id="M" draft="contributed">MMM-MMM</greatestDifference>
						</intervalFormatItem>
						<intervalFormatItem id="MMMd">
							<greatestDifference id="d" draft="contributed">d-d MMM</greatestDifference>
							<greatestDifference id="M" draft="contributed">d MMM - d MMM</greatestDifference>
						</intervalFormatItem>
						<intervalFormatItem id="MMMEd">
							<greatestDifference id="d" draft="contributed">E, d - E, d MMM</greatestDifference>
							<greatestDifference id="M" draft="contributed">E, d MMM - E, d MMM</greatestDifference>
						</intervalFormatItem>
						<intervalFormatItem id="y">
							<greatestDifference id="y" draft="contributed">y-y</greatestDifference>
						</intervalFormatItem>
						<intervalFormatItem id="yM">
							<greatestDifference id="M" draft="contributed">MM/yy - MM/yy</greatestDifference>
							<greatestDifference id="y" draft="contributed">MM/yy - MM/yy</greatestDifference>
						</intervalFormatItem>
						<intervalFormatItem id="yMd">
							<greatestDifference id="d" draft="contributed">d/MM/yy - d/MM/yy</greatestDifference>
							<greatestDifference id="M" draft="contributed">d/MM/yy - d/MM/yy</greatestDifference>
							<greatestDifference id="y" draft="contributed">d/MM/yy - d/MM/yy</greatestDifference>
						</intervalFormatItem>
						<intervalFormatItem id="yMEd">
							<greatestDifference id="d" draft="contributed">E, d/MM/yy - E, d/MM/yy</greatestDifference>
							<greatestDifference id="M" draft="contributed">E, d/MM/yy - E, d/MM/yy</greatestDifference>
							<greatestDifference id="y" draft="contributed">E, d/MM/yy - E, d/MM/yy</greatestDifference>
						</intervalFormatItem>
						<intervalFormatItem id="yMMM">
							<greatestDifference id="M" draft="contributed">MMM-MMM y</greatestDifference>
							<greatestDifference id="y" draft="contributed">MMM y - MMM y</greatestDifference>
						</intervalFormatItem>
						<intervalFormatItem id="yMMMd">
							<greatestDifference id="d" draft="contributed">d-d MMM y</greatestDifference>
							<greatestDifference id="M" draft="contributed">d MMM - d MMM y</greatestDifference>
							<greatestDifference id="y" draft="contributed">d MMM y - d MMM y</greatestDifference>
						</intervalFormatItem>
						<intervalFormatItem id="yMMMEd">
							<greatestDifference id="d" draft="contributed">E, d - E, d MMM y</greatestDifference>
							<greatestDifference id="M" draft="contributed">E, d MMM - E, d MMM y</greatestDifference>
							<greatestDifference id="y" draft="contributed">E, d MMM y - E, d MMM y</greatestDifference>
						</intervalFormatItem>
					</intervalFormats>
				</dateTimeFormats>
			</calendar>
		</calendars>
		<timeZoneNames>
			<metazone type="Atlantic">
				<short>
					<generic>∅∅∅</generic>
					<standard>∅∅∅</standard>
					<daylight>∅∅∅</daylight>
				</short>
			</metazone>
			<metazone type="Australia_Central">
				<short>
					<generic>ACT</generic>
					<standard>ACST</standard>
					<daylight>ACDT</daylight>
				</short>
			</metazone>
			<metazone type="Australia_CentralWestern">
				<short>
					<generic>ACWT</generic>
					<standard>ACWST</standard>
					<daylight>ACWDT</daylight>
				</short>
			</metazone>
			<metazone type="Australia_Eastern">
				<short>
					<generic>AET</generic>
					<standard>AEST</standard>
					<daylight>AEDT</daylight>
				</short>
			</metazone>
			<metazone type="Australia_Western">
				<short>
					<generic>AWT</generic>
					<standard>AWST</standard>
					<daylight>AWDT</daylight>
				</short>
			</metazone>
			<metazone type="Chatham">
				<short>
					<generic>CHAT</generic>
					<standard>CHAST</standard>
					<daylight>CHADT</daylight>
				</short>
			</metazone>
			<metazone type="Europe_Central">
				<short>
					<generic>∅∅∅</generic>
					<standard>∅∅∅</standard>
					<daylight>∅∅∅</daylight>
				</short>
			</metazone>
			<metazone type="Europe_Eastern">
				<short>
					<generic>∅∅∅</generic>
					<standard>∅∅∅</standard>
					<daylight>∅∅∅</daylight>
				</short>
			</metazone>
			<metazone type="Europe_Western">
				<short>
					<generic>∅∅∅</generic>
					<standard>∅∅∅</standard>
					<daylight>∅∅∅</daylight>
				</short>
			</metazone>
			<metazone type="Lord_Howe">
				<short>
					<generic>LHT</generic>
					<standard>LHST</standard>
					<daylight>LHDT</daylight>
				</short>
			</metazone>
			<metazone type="New_Zealand">
				<short>
					<generic>NZT</generic>
					<standard>NZST</standard>
					<daylight>NZDT</daylight>
				</short>
			</metazone>
		</timeZoneNames>
	</dates>
	<numbers>
		<currencies>
			<currency type="NZD">
				<symbol>$</symbol>
			</currency>
			<currency type="USD">
				<symbol>US$</symbol>
			</currency>
		</currencies>
	</numbers>
</ldml>
