<?xml version="1.0" encoding="UTF-8" ?>
<!DOCTYPE ldml SYSTEM "../../common/dtd/ldml.dtd">
<ldml>
	<identity>
		<version number="$Revision: 6144 $"/>
		<generation date="$Date: 2011-09-15 14:34:45 -0500 (Thu, 15 Sep 2011) $"/>
		<language type="es"/>
		<territory type="AR"/>
	</identity>
	<dates>
		<calendars>
			<calendar type="gregorian">
				<timeFormats>
					<timeFormatLength type="full">
						<timeFormat>
							<pattern>HH'h'''mm:ss zzzz</pattern>
						</timeFormat>
					</timeFormatLength>
					<timeFormatLength type="long">
						<timeFormat>
							<pattern>H:mm:ss z</pattern>
						</timeFormat>
					</timeFormatLength>
				</timeFormats>
				<dateTimeFormats>
					<availableFormats>
						<dateFormatItem id="MEd" draft="contributed">E d-M</dateFormatItem>
						<dateFormatItem id="yM" draft="contributed">M-yyyy</dateFormatItem>
					</availableFormats>
					<intervalFormats>
						<intervalFormatFallback draft="unconfirmed">{0} a el {1}</intervalFormatFallback>
						<intervalFormatItem id="d">
							<greatestDifference id="d" draft="unconfirmed">d-d</greatestDifference>
						</intervalFormatItem>
						<intervalFormatItem id="h">
							<greatestDifference id="h" draft="unconfirmed">h-h a</greatestDifference>
						</intervalFormatItem>
						<intervalFormatItem id="H">
							<greatestDifference id="H" draft="unconfirmed">HH-HH</greatestDifference>
						</intervalFormatItem>
						<intervalFormatItem id="hm">
							<greatestDifference id="h" draft="unconfirmed">h:mm-h:mm a</greatestDifference>
							<greatestDifference id="m" draft="unconfirmed">h:mm-h:mm a</greatestDifference>
						</intervalFormatItem>
						<intervalFormatItem id="Hm">
							<greatestDifference id="H" draft="unconfirmed">HH:mm-HH:mm</greatestDifference>
							<greatestDifference id="m" draft="unconfirmed">HH:mm-HH:mm</greatestDifference>
						</intervalFormatItem>
						<intervalFormatItem id="hmv">
							<greatestDifference id="h" draft="unconfirmed">h:mm-h:mm a v</greatestDifference>
							<greatestDifference id="m" draft="unconfirmed">h:mm-h:mm a v</greatestDifference>
						</intervalFormatItem>
						<intervalFormatItem id="Hmv">
							<greatestDifference id="H" draft="unconfirmed">HH:mm-HH:mm v</greatestDifference>
							<greatestDifference id="m" draft="unconfirmed">HH:mm-HH:mm v</greatestDifference>
						</intervalFormatItem>
						<intervalFormatItem id="hv">
							<greatestDifference id="h" draft="unconfirmed">h-h a v</greatestDifference>
						</intervalFormatItem>
						<intervalFormatItem id="Hv">
							<greatestDifference id="H" draft="unconfirmed">HH-HH v</greatestDifference>
						</intervalFormatItem>
						<intervalFormatItem id="M">
							<greatestDifference id="M" draft="unconfirmed">M-M</greatestDifference>
						</intervalFormatItem>
						<intervalFormatItem id="Md">
							<greatestDifference id="d" draft="unconfirmed">dd/MM - dd/MM</greatestDifference>
							<greatestDifference id="M" draft="unconfirmed">dd/MM - dd/MM</greatestDifference>
						</intervalFormatItem>
						<intervalFormatItem id="MEd">
							<greatestDifference id="d" draft="unconfirmed">E dd/MM - E dd/MM</greatestDifference>
							<greatestDifference id="M" draft="unconfirmed">E dd/MM - E dd/MM</greatestDifference>
						</intervalFormatItem>
						<intervalFormatItem id="MMM">
							<greatestDifference id="M" draft="unconfirmed">MMM-MMM</greatestDifference>
						</intervalFormatItem>
						<intervalFormatItem id="MMMd">
							<greatestDifference id="d" draft="unconfirmed">d-d 'de' MMM</greatestDifference>
							<greatestDifference id="M" draft="unconfirmed">d 'de' MMM 'al' d 'de' MMM</greatestDifference>
						</intervalFormatItem>
						<intervalFormatItem id="MMMEd">
							<greatestDifference id="d" draft="unconfirmed">E d 'al' E d 'de' MMM</greatestDifference>
							<greatestDifference id="M" draft="unconfirmed">E d 'de' MMM 'al' E d 'de' MMM</greatestDifference>
						</intervalFormatItem>
						<intervalFormatItem id="y">
							<greatestDifference id="y" draft="unconfirmed">y-y</greatestDifference>
						</intervalFormatItem>
						<intervalFormatItem id="yM">
							<greatestDifference id="M" draft="unconfirmed">MM/yy - MM/yy</greatestDifference>
							<greatestDifference id="y" draft="unconfirmed">MM/yy - MM/yy</greatestDifference>
						</intervalFormatItem>
						<intervalFormatItem id="yMd">
							<greatestDifference id="d" draft="unconfirmed">dd/MM/yy - dd/MM/yy</greatestDifference>
							<greatestDifference id="M" draft="unconfirmed">dd/MM/yy - dd/MM/yy</greatestDifference>
							<greatestDifference id="y" draft="unconfirmed">dd/MM/yy - dd/MM/yy</greatestDifference>
						</intervalFormatItem>
						<intervalFormatItem id="yMEd">
							<greatestDifference id="d" draft="unconfirmed">E dd/MM/yy - E dd/MM/yy</greatestDifference>
							<greatestDifference id="M" draft="unconfirmed">E dd/MM/yy - E dd/MM/yy</greatestDifference>
							<greatestDifference id="y" draft="unconfirmed">E dd/MM/yy - E dd/MM/yy</greatestDifference>
						</intervalFormatItem>
						<intervalFormatItem id="yMMM">
							<greatestDifference id="M" draft="unconfirmed">MMM-MMM 'de' y</greatestDifference>
							<greatestDifference id="y" draft="unconfirmed">MMM 'de' y 'a' MMM 'de' y</greatestDifference>
						</intervalFormatItem>
						<intervalFormatItem id="yMMMd">
							<greatestDifference id="d" draft="unconfirmed">d-d 'de' MMM 'de' y</greatestDifference>
							<greatestDifference id="M" draft="unconfirmed">d 'de' MMM 'al' d 'de' MMM 'de' y</greatestDifference>
							<greatestDifference id="y" draft="unconfirmed">d 'de' MMM 'de' y 'al' d 'de' MMM 'de' y</greatestDifference>
						</intervalFormatItem>
						<intervalFormatItem id="yMMMEd">
							<greatestDifference id="d" draft="unconfirmed">E d 'al' E d 'de' MMM 'de' y</greatestDifference>
							<greatestDifference id="M" draft="unconfirmed">E d 'de' MMM 'al' E d 'de' MMM 'de' y</greatestDifference>
							<greatestDifference id="y" draft="unconfirmed">E d 'de' MMM 'de' y 'al' E d 'de' MMM 'de' y</greatestDifference>
						</intervalFormatItem>
					</intervalFormats>
				</dateTimeFormats>
			</calendar>
		</calendars>
		<timeZoneNames>
			<metazone type="Argentina">
				<short>
					<generic>ART</generic>
					<standard>ART</standard>
					<daylight>ARST</daylight>
				</short>
			</metazone>
			<metazone type="Argentina_Western">
				<short>
					<generic>WART</generic>
					<standard>WART</standard>
					<daylight>WARST</daylight>
				</short>
			</metazone>
		</timeZoneNames>
	</dates>
	<numbers>
		<symbols numberSystem="latn">
			<decimal>,</decimal>
			<group>.</group>
		</symbols>
		<currencies>
			<currency type="ARS">
				<symbol>$</symbol>
			</currency>
		</currencies>
	</numbers>
</ldml>

