<?xml version="1.0" encoding="UTF-8" ?>
<!DOCTYPE ldml SYSTEM "../../common/dtd/ldml.dtd">
<ldml>
	<identity>
		<version number="$Revision: 5884 $"/>
		<generation date="$Date: 2011-05-10 15:58:32 -0500 (Tue, 10 May 2011) $"/>
		<language type="es"/>
		<territory type="CR"/>
	</identity>
	<numbers>
		<symbols numberSystem="latn">
			<decimal>,</decimal>
			<group>.</group>
		</symbols>
		<currencies>
			<currency type="CRC">
				<symbol>₡</symbol>
			</currency>
		</currencies>
	</numbers>
</ldml>

