<?xml version="1.0" encoding="UTF-8" ?>
<!DOCTYPE ldml SYSTEM "../../common/dtd/ldml.dtd">
<ldml>
	<identity>
		<version number="$Revision: 6182 $"/>
		<generation date="$Date: 2011-09-28 13:24:15 -0500 (Wed, 28 Sep 2011) $"/>
		<language type="cy" /> 
	</identity>
	<collations  validSubLocales="cy_GB">
		<collation type="standard" references="http://www.evertype.com/alphabets/welsh.pdf">
                	<rules>
				<reset>C</reset>
					<p>ch</p>
					<t>Ch</t>
					<t>CH</t>
				<reset>D</reset>
					<p>dd</p>
					<t>Dd</t>
					<t>DD</t>
				<reset>F</reset>
					<p>ff</p>
					<t>Ff</t>
					<t>FF</t>
				<reset>G</reset>
					<p>ng</p>
					<t>Ng</t>
					<t>NG</t>
				<reset>L</reset>
					<p>ll</p>
					<t>Ll</t>
					<t>LL</t>
				<reset>P</reset>
					<p>ph</p>
					<t>Ph</t>
					<t>PH</t>
				<reset>R</reset>
					<p>rh</p>
					<t>Rh</t>
					<t>RH</t>
				<reset>T</reset>
					<p>th</p>
					<t>Th</t>
					<t>TH</t>
			</rules>
		</collation>
	</collations>
</ldml>
