<?xml version="1.0" encoding="UTF-8" ?>
<!DOCTYPE ldml SYSTEM "../../common/dtd/ldml.dtd">
<ldml>
	<identity>
		<version number="$Revision: 6182 $"/>
		<generation date="$Date: 2011-09-28 13:24:15 -0500 (Wed, 28 Sep 2011) $"/>
		<language type="ro" /> 
	</identity>
		<collations validSubLocales="ro_RO ro_MD">
			<collation type="standard" references="Academia Română: DEX - Dicționarul explicativ al limbii române ISBN 973-924-329-2">
				<rules>
					<reset>A</reset>
					<p>ă</p>
					<t>Ă</t>
					<p>â</p>
					<t>Â</t>
					<reset>I</reset>
					<p>î</p>
					<t>Î</t>
					<reset>S</reset>
					<p>ş</p>
					<i>ș</i>
					<t>Ş</t>
					<i>Ș</i>
					<reset>T</reset>
					<p>ţ</p>
					<i>ț</i>
					<t>Ţ</t>
					<i>Ț</i>
				</rules>
			</collation>
		</collations>
</ldml>
